Nombre,Apellido,Correo_Electronico,Contrasena,DNI,Pais_Residencia
"Joseph","Maldonado","vwyatt@bowen-alvarado.net","_!PFLVBrn8","52654310","Belize"
"Robert","Potter","fcarlson@osborn.info","*2!3GO4fZ#","36688611","Turks and Caicos Islands"
"Laura","Johnson","katie94@yahoo.com","&X&7You+u+","56733544","Venezuela"
"Christina","Dennis","tammy00@hotmail.com","7#gd6Ypf7g","88351323","Burkina Faso"
"Jacqueline","Reynolds","cookbrittney@hunt-hamilton.com","Vz4G4w1nU^","45571467","Heard Island and McDonald Islands"
"Brian","Wilkerson","melissamiller@finley-baker.com","S0Y^bPdJ@4","15019749","Pitcairn Islands"
"Teresa","Duke","phillipwoods@gmail.com","A87d5HNa$e","58445344","Dominica"
"Valerie","Baker","kstephenson@fisher-ellis.com",")5wR+Om9gL","74432141","India"
"Charles","Lawrence","njohnson@hotmail.com","0Ta7!#Vkp)","39425741","Uzbekistan"
"Steven","Brown","jhayden@mendez.com","by7QPiPfZ@","45604640","Saint Vincent and the Grenadines"
"Eugene","Gutierrez","jasongray@gmail.com","_FT9jkLq5R","68150954","Pakistan"
"Wayne","Elliott","joel98@yahoo.com","#YYa)Fqrx4","21254431","Bosnia and Herzegovina"
"John","Huffman","michaelmartinez@rowe-taylor.org","%z(0FZqq@s","36329907","Iraq"
"John","Lopez","donna34@gmail.com","d_crFQt(#3","38887364","United States of America"
"Sara","Walls","sanchezjonathan@gmail.com","+_%0GlAgR7","28414917","Australia"
"Sharon","King","umarquez@yahoo.com",")c%NwNzl^5","90151370","Maldives"
"Daniel","Rose","combsmaria@moss.com","*9O+Qtff^r","87472385","Djibouti"
"Jerry","Smith","tranjonathan@bauer.com","tt4tVquev!","63713002","Malaysia"
"Mckenzie","Moore","zwillis@hubbard.com","@(1zdV3biO","6035652","Saint Martin"
"Heather","Murillo","fostervincent@lyons.info","t^0x#9ZT4n","17812446","Bouvet Island (Bouvetoya)"
"Angela","Weaver","ckelly@gmail.com","y7FFfD+V#M","34830781","Cocos (Keeling) Islands"
"Jessica","Beck","englishangela@hotmail.com","WkuLCbtB!6","62421522","American Samoa"
"Veronica","Johnston","brucenoble@stout.com","@DE%b+NG59","45509064","Japan"
"Jessica","Bush","ssmith@gmail.com","_F!^4wKjP3","95493060","French Southern Territories"
"William","English","lori35@miller-jensen.biz","+KR4f7Uw*t","95320907","New Zealand"
"Jesus","Moore","ucoleman@yahoo.com","^sCKMzl@8A","23765785","Bahrain"
"Mark","Perry","thomasbenjamin@thornton.com","%K44vUn6*T","49477025","Algeria"
"Gregg","Park","pettymadison@stephens-evans.com","@i27_INc+3","96802501","Lebanon"
"Michelle","Fleming","robertgonzalez@cervantes-king.info","j9AC$wEm(4","53947268","Slovenia"
"Jason","Norman","iaustin@gmail.com","^URXsAWN2u","48840613","Uruguay"
"Shannon","Nelson","fmartin@gmail.com","_t7eShjDkb","88087091","Sri Lanka"
"Teresa","Farley","mariasmith@clark.com","&+2#Dxl*)0","98440793","Guatemala"
"Cathy","Pope","claire86@hotmail.com","K9CItIm$^g","85809123","Nigeria"
"Corey","Love","vasquezbrittney@hotmail.com","j_4Y3odVqN","76535334","United Arab Emirates"
"Brian","Bennett","palmerjason@hotmail.com","!2pIk77K9j","19518104","Jamaica"
"Jonathan","Williams","clementskristin@hicks.com","nb5(BMiYZ%","97196850","Austria"
"Jennifer","Duran","ncampbell@gregory.net","8aIOsrQL%_","46153125","Burkina Faso"
"Michael","Garcia","joy93@yahoo.com","A9y&(PhZ+7","2946224","Venezuela"
"Nathan","Soto","sarawashington@rubio.info","%9p+XAwY$u","70647646","Gambia"
"Kimberly","Wells","morganbrian@yahoo.com","*602&Z&2_a","47340565","Rwanda"
"Steven","Mcpherson","noblerobert@gmail.com","_5jpUCUq1A","46637875","Paraguay"
"Jacob","Short","martinezheidi@jones-miller.com","#GU3Q1w!W3","25571573","Cuba"
"Daniel","Hernandez","pfleming@rose.com","moNULZ(5)4","42138050","Mayotte"
"Tamara","Knox","hermanjacqueline@lewis.com","(m_FPL$p73","84791002","Poland"
"Lauren","Gross","bpearson@hotmail.com","cAQGf6Ix$!","69504389","French Southern Territories"
"Nathan","Berry","rjones@gmail.com","q@u0AWFqCr","52577330","Panama"
"Barbara","Hudson","ibutler@trujillo.com","#t3nXG%C#7","69279315","Finland"
"Jason","Macdonald","creed@clements.com","%S*B9KaxBK","86130871","Guam"
"Gina","Buckley","lisawilson@gmail.com","qDYGNCoa+8","26075092","Montserrat"
"Alexis","Munoz","elizabeth29@brown-christensen.org","_e(7GylyHl","36021478","Uganda"
"Sonya","Ray","melissahuffman@spencer.com",")qOe4Lbuj*","25319121","Jersey"
"Patricia","Larson","anthonycopeland@jones-welch.com","0t9FJmKg%V","27713405","Anguilla"
"Keith","Anderson","patricia65@hotmail.com","#SwNVIvla3","60110839","Gambia"
"Lawrence","Mckenzie","cmorgan@miller.com","&6D&ZE2zGF","29058971","Netherlands Antilles"
"Robert","Oconnor","qobrien@tate.net","bCi(2J1n@*","12056197","Bolivia"
"Michael","Jones","amandajohnson@hotmail.com","h0gLGv3B_p","33853313","Venezuela"
"Ashley","Jones","garyjohnston@hotmail.com","U*x9GYAp_l","72298146","Uganda"
"Cody","Moss","yellis@key-bradley.org","*#x27W_v+W","36659999","Monaco"
"Jennifer","Turner","treed@yahoo.com","f3%Jt)@(_s","48860270","Pitcairn Islands"
"Thomas","Dyer","egriffin@scott-frey.org","6#f8(WDgzN","3776679","Sierra Leone"
"Julie","Morrow","patricia12@hotmail.com","19yELulj#K","17568362","Brazil"
"Joseph","Brown","daniel64@white-morgan.com","Ca!w1Vx&&(","24038361","Tajikistan"
"Kirk","Simpson","reyesjeffrey@gmail.com","A^rqCWi++4","7196240","Djibouti"
"Mark","Smith","sergio21@martinez.com","A!_9!Gzsj$","14080534","China"
"Megan","York","michaeljackson@stone.com","(aiM4Nm00u","92964365","Saint Martin"
"Luis","Hall","jerrybird@hotmail.com","@F09Ky9P%O","33449507","Monaco"
"Danielle","Carter","bautistashelly@sanchez.biz","b#2^BLwC%D","3638550","Greece"
"Wesley","Bradford","samuelcarter@gmail.com","iW9DjLwd#B","50264005","British Virgin Islands"
"Janice","Blanchard","johnsonbrandon@hernandez.info","I0Zi9lzA^V","71359719","Philippines"
"Michelle","Pena","mnolan@hotmail.com","J4Hyb1Mr*d","23372028","Palau"
"Teresa","Rich","alexanderkey@lambert.com","vfN8Os9l%v","17331987","Bhutan"
"Erin","Ortiz","thomasphillips@gmail.com","9w1Yo5$F$$","79243426","Sri Lanka"
"Michael","Singh","michaelharris@allen.com",")nLpc)Iux2","85881416","Swaziland"
"Samuel","Gross","ambercampbell@gmail.com","P@72Si#xK%","31876891","India"
"Jesse","Christian","stricklandandrew@hotmail.com","%1%fwFJpn3","96215956","Madagascar"
"Jeffrey","Pierce","ksutton@bowers.biz","33ey^ImZ&*","79086323","Samoa"
"Taylor","Brown","cdaniels@yahoo.com","cQ&J$eSt_6","7275456","Anguilla"
"Mark","Pierce","petersenelaine@mooney-lucas.net","_uMdEBiJ36","29875302","Korea"
"Mark","Miller","fmartinez@yahoo.com","(0cWrjGukd","78490332","Mauritius"
"Linda","Reyes","kayla87@hotmail.com","7hEMcclZ**","85776553","Nauru"
"Eric","Morrow","jessica12@jones.net","z1MKgoeW)F","43156089","Ireland"
"Christina","Davis","karen69@perez.biz","!6eKyi1@m9","50952103","United Arab Emirates"
"Steven","Johnson","kylemccormick@gmail.com",")boUTboL3c","63381388","Singapore"
"Tara","Lee","abeltran@yahoo.com","^T1LC$bm&a","84381284","Korea"
"James","Bauer","vargasjennifer@hotmail.com","wJSE7UuVv@","18682485","Albania"
"Victor","Keller","monica96@hotmail.com","^a8Vyi6vzM","64350003","Bahrain"
"Andrew","Rivera","madelineanderson@gmail.com","w)fYd7Gqt!","91942698","Thailand"
"Matthew","Powell","foxjennifer@yahoo.com","j%N1FL&oU!","98576999","Cayman Islands"
"Andrew","Becker","lbooth@yahoo.com","U&qQ5Tfuc%","9034712","Albania"
"Natalie","James","jamestrujillo@yahoo.com","Ir2xVyWo_A","78350970","Palestinian Territory"
"Michelle","Holmes","craig89@williams-hall.com","!0mtNnf@bW","84475335","Barbados"
"Richard","Key","frederick10@yahoo.com","&4eGauQiQ6","11648392","British Virgin Islands"
"Rachel","Ramirez","bryan61@garcia.info","p7Ncmv#M^Z","2301664","Lebanon"
"Amy","Pacheco","nparker@yahoo.com","8*9d)fTi(R","71088302","Belarus"
"Donald","Johnson","lee45@reed-huynh.com","7Lf!YWcb&U","88275996","Heard Island and McDonald Islands"
"Carol","Bradford","collierana@gmail.com","%7m$EYbTzC","42693845","Brazil"
"Gina","Villanueva","odiaz@yahoo.com","^1C@uALmm7","49525743","India"
"Katrina","Andrews","grantjason@gray.net","0t8Ecbu*&D","34452440","Reunion"
"Susan","Walker","janetmcfarland@hotmail.com",")@*!6UMjKV","40211935","Nepal"
"Allen","Rogers","andreagutierrez@green.biz","(d5zXeh)o_","69019332","Saint Kitts and Nevis"
